MatriName,Size,MemoryUsage,Time,RelativeError
G3_circuit.mtx,1585478,3128.740032000001,20.462905395,4.848491159732014e-12
apache2.mtx,715176,2352.402536000001,15.940726404,5.6162928223222333e-11
cfd2.mtx,123440,1020.3508720000004,6.212247275,2.913498234375961e-13
cfd1.mtx,70656,540.9289360000002,2.545429028,9.762939004409051e-14
ex15.mtx,6867,11.536936000000004,0.023929404,6.108710681691546e-7
MatriName,Size,MemoryUsage,Time,RelativeError
ex15.mtx,6867,44.43861600000002,0.377896783,6.108710681691546e-7
