MatriName,Size,MemoryUsage,Time,RelativeError
ex15.mtx,6867,11.656953000000005,0.029501233,6.108710681691546e-7
cfd2.mtx,123440,1020.3508720000004,7.200365853,2.913498234375961e-13
